{"TRAIN Iter": 100, "TRAIN Loss": 0.13983938097953796, "TRAIN PSNR": 11.36996841430664, "_timestamp": 1647627007, "_runtime": 130, "_step": 1, "iter time": 0.29833126068115234}