{"TRAIN Iter": 200, "TRAIN Loss": 0.09944632649421692, "TRAIN PSNR": 13.136126518249512, "_timestamp": 1647626981, "_runtime": 165, "_step": 3, "iter time": 0.3525693416595459}