{"TRAIN Iter": 200, "TRAIN Loss": 0.0642077624797821, "TRAIN PSNR": 15.525944709777832, "_timestamp": 1647644562, "_runtime": 157, "_step": 3, "iter time": 0.3024749755859375}